{
  "feature_columns": [
    "duration",
    "total_packets",
    "total_bytes",
    "packet_rate",
    "byte_rate",
    "mean_packet_size",
    "protocol_code",
    "syn_count",
    "fin_count",
    "device_type_code",
    "inter_arrival",
    "inter_arrival_roll_std"
  ],
  "scaler_mean": [
    0.8647675681840656,
    1761.7355271685726,
    364988.3453507436,
    932.0700233864715,
    197182.99573043582,
    117.0959438271833,
    0.29457186064825464,
    279.31979957210456,
    1.0646163924372618,
    0.5618183465395524,
    12.740793630496762,
    3.512467389973308
  ],
  "scaler_scale": [
    2.180594352981066,
    3947.7485827079768,
    1091537.468666576,
    1902.7148706822832,
    566436.9913851954,
    111.78539672530927,
    0.5934027952616728,
    898.6618701351221,
    1.860057126050534,
    0.9852277724352613,
    42.11852967114105,
    14.110447065540715
  ],
  "weights": [
    15.522207589024498,
    3.9543857931631528,
    0.6974939182912582,
    9.136725660430548,
    2.658560065120403,
    1.2120401648377617,
    -0.456405945101639,
    6.505223896984428,
    -0.6815488038809326,
    0.9815539880175271,
    -0.7995910903153116,
    -0.2998444804531365
  ],
  "bias": 7.49308710265218
}